id,p4,q4,v4
1,-10.4551735,34.37144319,0.979568541
2,27.36484135,-19.4653569,0.986433492
3,8.015379157,-4.79128517,1.02047297
4,-0.604905182,5.581102631,1.02622042
5,-9.942724745,-19.71367796,1.027762206
6,1.209172403,34.55669664,0.987988917
7,-0.135990671,-23.16690282,1.011612374
8,41.95787503,-20.54892009,1.010095409
9,-7.734642827,-17.32058224,1.014644509
10,10.96423485,-7.243502822,0.998960916
11,30.46479257,26.77653491,0.991335966
12,8.425211453,-16.08263809,1.013011386
13,34.15170924,3.761152194,1.012060198
14,29.24377408,5.606096409,0.996140036
15,25.4116346,-5.814947283,0.985928407
16,36.37544613,19.83252061,0.993661847
17,38.07930096,-13.51402538,0.998710986
18,-7.879795491,29.77070181,1.02121907
19,-8.359117455,-16.25564795,1.007892518
20,-10.85867428,32.57113866,0.970088271
21,16.81404895,-5.215718856,0.982763467
22,-3.975331194,22.25521781,1.010105281
23,10.99945484,27.6265017,1.003356146
24,-11.56358632,-1.775218559,0.984089905
25,26.67203488,22.28485564,0.980656169
26,0.705136162,-10.41438073,1.011550932
27,-4.614293964,-1.512689547,0.997544438
28,32.31137938,-9.343533745,1.00102898
29,32.04959097,11.46996466,0.988081616
30,38.04412738,2.324916602,1.016990894
31,41.33671516,-3.290069317,1.002015506
32,12.62683604,9.395339536,0.980754246
33,38.5147082,17.92150631,0.989384041
34,37.65139237,33.06711131,0.999930477
35,31.43396515,-0.540293624,1.014603307
36,7.515265526,-23.08644207,1.010452884
37,19.09061896,-11.96360857,1.005373197
38,6.765320291,-2.487360871,1.013009022
39,10.65786395,-10.79555342,1.014479875
40,14.50728969,9.049788496,0.977025974
41,16.97260321,-10.45739877,1.014044675
42,13.92668747,-24.80959836,1.026141992
43,41.7967078,-24.94586011,1.035838679
44,5.13758679,-15.57245344,1.00796728
45,6.991098312,25.40179934,1.020197938
46,27.34323024,8.469140315,0.997598816
47,2.719718988,-24.21229857,0.985041498
48,-8.824891865,36.03857021,0.99339273
49,27.88527485,18.09338317,0.994217895
50,8.347373277,-23.73089576,0.988812073
51,-6.126597269,23.27263792,0.965771596
52,6.350709437,11.74879107,1.00763725
53,31.81027031,13.210873,1.014765773
54,36.69994605,31.06420397,0.961640978
55,28.71142206,29.71740356,0.992504475
56,27.86657307,-17.50334916,1.020891412
57,25.68203068,5.243487832,0.978919319
58,25.81328593,29.09536961,1.020489023
59,39.44857935,-21.23367566,1.012707061
60,15.13170761,8.053987855,1.008812026
61,39.04384173,-15.1193894,1.027988629
62,37.57019972,29.46642088,0.955181676
63,14.91824581,-19.41596892,0.996581594
64,11.93421563,-20.97346024,1.010656971
65,38.69552177,22.49648751,0.981026442
66,18.41137537,33.79093622,1.005518197
67,27.49840937,36.60969205,0.997183309
68,40.25214446,-24.30614637,0.998664702
69,15.24266483,-17.49866751,1.024341652
70,16.85228416,8.658913004,0.990772247
71,9.721755433,30.58773568,0.978752427
72,33.13222108,-11.96775729,1.03054858
73,15.55076576,9.914624814,1.004216585
74,33.97494232,29.5808197,1.006995597
75,-6.854264709,-8.105499185,1.014738988
76,6.311828261,20.93486786,0.99347069
77,26.08012531,26.60067198,0.98899586
78,12.94528922,18.77708633,0.989242423
79,23.32205281,13.11925227,0.986581008
80,24.48776605,-19.37000644,1.008018614
81,32.82160074,0.970150811,1.022685945
82,38.93837806,15.41091129,0.948308561
83,40.92316136,-8.191327597,1.002452658
84,28.98646053,30.35056444,1.000493679
85,39.38916568,-15.82773778,0.993703691
86,24.78136631,23.46147821,0.994282247
87,6.211223851,19.81759102,0.974386541
88,-5.973733994,-15.26078902,1.022353639
89,12.89390526,36.70621488,0.988302597
90,21.8852309,-18.92450786,1.002176309
91,10.01958063,-14.72048417,0.995752781
92,23.73852761,27.60540285,1.003083125
93,2.501181208,31.84443852,1.007821142
94,34.63791417,6.815375402,0.997026916
95,-7.844544415,10.32803954,1.020002904
96,16.99621581,28.34294347,0.958456314
97,19.98789531,17.62975773,0.984313806
98,33.86759301,3.087724518,1.014550988
99,20.08901473,-20.25267456,0.997377809
100,38.30401856,16.19492314,0.992829197
101,30.58938387,25.42835468,0.986617293
102,21.75680396,7.181966365,0.980130987
103,11.48561884,34.33753686,0.965634067
104,10.99197303,-5.751905988,1.015531905
105,40.00644005,17.27130257,0.97900719
106,-2.366028602,4.786374658,0.99878114
107,10.69838364,6.453987563,1.011878134
108,33.07789332,-2.956614519,0.997955267
109,-9.5387451,-19.55016815,1.009295707
110,14.95569546,-19.52469307,1.030089726
111,19.28844932,-1.217049252,1.007899198
112,-10.42587568,-8.166174606,1.010267819
113,-8.784788698,17.48636274,1.00454594
114,6.12410556,-23.94291306,1.010615788
115,15.5609006,-13.27408865,1.00476531
116,7.848337765,-21.03691967,0.967764181
117,24.70453556,-4.261527883,1.014942486
118,27.91353839,-24.23934383,1.029532839
119,42.02566689,-5.045679544,1.028964086
120,35.43528534,16.49286493,0.976671392
121,-9.343031976,34.09384941,0.9724626
122,-11.29277023,-3.240055367,1.017648259
123,-2.485053929,-19.79703676,1.045138088
124,2.012046837,-3.256226049,1.004514656
125,28.46308541,-14.17961686,1.017663348
126,-3.801052065,36.30757335,1.009077476
127,39.01336402,37.38591464,1.001114542
128,4.244503824,8.840513158,1.012821359
129,27.76002391,32.49873897,1.001405969
130,29.02947542,20.28812935,0.978990114
131,18.06492298,0.232204222,0.99166904
132,-2.916077848,-2.705891111,1.017493544
133,30.06744798,-9.048480846,0.986753917
134,-2.953357599,-3.978293843,1.031430445
135,14.65719615,-19.56241998,1.020558987
136,31.45749685,-20.86173941,0.997016689
137,23.41258314,-10.67759287,0.996536154
138,39.44677251,20.3322598,0.976030787
139,3.998014637,-24.01301376,1.003275505
140,41.35248397,7.957806036,1.003647932
141,-8.551957649,4.971024299,1.011188102
142,9.301746966,13.39639019,1.013550847
143,10.74845579,32.52620535,0.97022034
144,1.274607044,9.460857967,0.989514949
145,32.87558687,24.47738676,1.001135192
146,-11.95414775,19.47050478,0.974828414
147,41.43583776,36.99943482,0.968490489
148,16.70240908,-14.60994551,1.026009243
149,6.949526424,20.8836411,1.018289746
150,43.99494485,-22.0637377,1.002284219
151,13.42322542,-21.49663338,1.016905983
152,35.25749698,28.99233987,0.961916507
153,17.10275588,15.43464418,0.965961315
154,-2.635464794,-3.089029016,1.018865459
155,3.687033416,-14.18329959,1.006198441
156,6.311088923,14.4954348,1.01374207
157,-7.035444913,19.96547547,1.026016996
158,12.41887249,12.74162147,0.996960769
159,-6.208863965,10.02072331,1.0238317
160,34.97328496,5.60861585,1.010526583
161,37.4652942,24.31679653,1.005182857
162,-0.831520945,-17.02620665,1.035558167
163,29.59983595,-2.709909209,1.0050163
164,36.20325299,-14.56115177,0.998195829
165,15.55266818,-0.929407315,0.983378603
166,-5.834418952,6.339616086,0.987192331
167,29.61931021,-8.051575704,1.001295538
168,43.32751008,-6.672340441,1.017012249
169,9.746675948,17.45473739,1.022934759
170,2.434890617,32.60573311,1.004814394
171,-8.522583167,-4.24253277,1.005604547
172,-1.858247972,11.13978777,1.021573122
173,23.90216186,23.99213794,0.997655819
174,17.67005635,-5.678640981,0.990509412
175,2.782408503,-10.32411426,1.007957281
176,21.45939068,15.61617477,0.987803691
177,22.76936372,2.988379671,1.0275937
178,19.49305874,2.069915673,0.992685056
179,-9.370470345,21.96624526,1.021888274
180,3.069102271,2.83280189,0.987171136
181,19.47297796,8.642245154,1.00036485
182,-3.810497444,-9.733313513,0.991419985
183,32.56870498,8.426797279,0.974631343
184,28.4615296,-14.91076234,1.022475509
185,9.269442264,26.79023694,0.99196365
186,38.59689209,-1.695882588,0.979582799
187,7.559091813,28.87202266,0.987303327
188,37.22083632,27.89123207,0.977431447
189,2.313136828,34.14521711,0.993215386
190,5.488272715,19.73971143,1.02130785
191,23.87572304,-6.560303467,1.005591937
192,9.776970123,26.56542803,1.001448648
193,-1.979157393,23.38413207,1.017322908
194,-9.174939042,12.13391123,0.996693103
195,35.96400835,-4.462850852,0.992461327
196,39.51672654,23.5017107,0.964934563
197,-10.62362886,5.518310436,0.993889834
198,0.761092945,-22.27040019,0.983879602
199,28.03948575,33.19216508,0.98320201
200,22.28920571,2.170499289,0.998032232
201,24.34883596,0.012571373,1.012634825
202,21.84469014,7.889189072,0.991374956
203,24.60754192,-5.946255906,0.997839871
204,25.78678087,-3.659626703,1.023467973
205,-9.223715318,7.98936941,0.992074479
206,29.62900108,-9.752723005,1.013388138
207,41.86212489,31.03072114,0.984600245
208,24.84295873,34.68459547,0.981942586
209,-5.781453009,10.53309335,0.96000459
210,11.18296571,36.67683337,0.967230084
211,32.75510237,18.2054122,0.977382071
212,9.697942213,-20.95280428,1.038891544
213,-0.648838355,-7.978987573,0.999489776
214,30.96058861,24.14884798,0.98213206
215,31.63233314,3.426601356,1.015271728
216,40.14897886,31.02123823,0.964102195
217,16.93908323,0.148212625,1.016772669
218,40.73089471,-5.272321429,1.027621952
219,37.17327354,19.56687197,1.018319557
220,35.59982861,0.450094533,1.033839448
221,22.07074363,34.39859217,0.955186007
222,23.88075111,-11.71463641,1.006745405
223,0.428034715,5.843519907,1.005489757
224,11.7492809,16.05545247,0.977558428
225,-7.102403479,16.51208447,0.966974671
226,15.43774163,3.17004444,1.011223039
227,-6.690612763,26.49468734,0.993025763
228,18.06902063,-18.27792369,0.988976926
229,43.92968698,21.59193298,0.976206936
230,-8.920749019,21.14759444,0.970478233
231,8.933342037,33.37064455,0.973325508
232,42.33564501,36.12259706,0.975929113
233,34.30358744,-6.827916455,0.993973598
234,-1.761172776,-8.798667454,1.023035646
235,-2.096740846,18.4116438,1.007252859
236,40.28523274,-16.47471541,0.992192474
237,0.789708067,-4.567222819,0.983087752
238,15.6305661,-7.419320034,0.987999493
239,12.55373342,15.46951789,1.005767524
240,-6.630298613,-20.64402639,1.003415359
241,36.53214607,-5.049000426,1.006671565
242,5.699536827,12.16373647,0.998065383
243,12.36637431,15.91686278,1.010628603
244,19.62591911,10.25165567,0.996160301
245,17.38875976,10.39333269,0.987003214
246,10.46651674,-4.371351913,0.983993158
247,9.730443904,22.68291959,1.011880603
248,-3.270646533,6.241136663,0.989566508
249,36.53327302,26.64002936,0.964134521
250,0.209300951,-20.97409918,1.00644699
251,34.0048312,-6.637399014,0.994094398
252,42.85614633,-13.72035898,0.983973416
253,5.604181846,-5.0138476,0.993366047
254,23.17504869,27.96444574,0.964132874
255,17.34555373,-2.188510199,0.982889127
256,16.65969852,-3.65316707,1.020459725
257,43.28984939,18.43019524,1.002060057
258,-9.281700285,-21.1205859,1.013729641
259,34.59034974,-19.91133138,1.039491911
260,43.13669437,-21.03008163,1.009623824
261,30.95589791,-17.647924,1.02820881
262,22.24340329,-11.57854908,1.017562223
263,36.78703585,19.43921732,1.017575778
264,41.10691332,1.698139402,1.011914541
265,8.693118037,8.756542864,0.998529094
266,-3.478276831,23.06409023,0.996690326
267,32.29315328,18.43492235,1.028073323
268,42.48796675,-16.04191837,0.996611276
269,27.4678849,25.00387275,0.957180101
270,-8.590742648,-23.38045067,0.986568842
271,40.22291334,33.64341661,1.022385172
272,11.40481365,25.303982,0.95496875
273,6.936793271,22.587168,0.995657512
274,40.59458549,17.60787893,1.014485763
275,39.11156088,-11.95396309,1.035260559
276,32.4822177,-8.13235442,1.01467485
277,40.45494901,-23.77204989,0.979316486
278,43.77211284,35.82809707,0.969632077
279,33.6644627,14.5337111,0.990497759
280,13.17364722,12.95193777,1.023913659
281,16.59100986,-1.082865257,1.003893674
282,8.570720884,25.13438666,1.000194142
283,-3.61496565,-13.35514566,1.022840674
284,35.00433939,26.25658043,0.963599073
285,-6.443912632,13.64460583,1.00977197
286,33.36898378,-4.535392032,1.020614719
287,20.99367659,-12.50836261,1.001393373
288,33.66470829,11.64252078,1.02876555
289,10.46238324,9.846982127,0.994242388
290,18.46306072,-14.90420771,1.0121785
291,-4.463459255,27.03711347,0.990121447
292,21.84098706,18.26083525,1.007401856
293,-4.074709887,2.563204079,1.014352189
294,-9.327147331,-17.27047454,1.00715491
295,6.822877897,22.94921175,1.001143651
296,19.53796049,-18.93386706,1.02945124
297,39.02688819,17.4110706,1.007605022
298,5.083086509,9.884225683,1.023309004
299,-11.4939576,14.24640579,0.974126821
300,-4.457216448,-7.377595355,1.031924502
301,3.633605477,35.75079533,0.995001602
302,23.79610911,13.26535846,1.006252283
303,-11.07732304,-14.58053076,0.988585488
304,23.38393699,14.69178347,0.993036898
305,19.54530259,-3.600082172,0.992631016
306,4.781626725,37.26841292,1.002720045
307,19.23256586,1.74317457,1.001148284
308,3.68475596,-15.87039757,1.027727416
309,23.60315473,-0.567576631,1.003725267
310,1.980367307,-22.10034494,1.020100351
311,13.56439871,-15.85686604,0.975960123
312,2.801578899,-9.866587097,1.033716823
313,17.0017021,-23.85715939,1.002139241
314,32.27412695,4.134711949,0.994599642
315,37.66125642,10.82000383,0.967793955
316,30.81147555,-1.638712854,0.999989644
317,-0.06637573,24.47207852,0.944157622
318,16.49645447,5.151566095,1.029191593
319,-3.180901471,-23.72494823,0.991174995
320,10.56820791,35.41019233,0.998756339
321,3.767503485,27.00197851,0.959743675
322,0.113973748,16.49010906,1.013454459
323,17.04868063,10.22869527,1.012316951
324,33.52212592,-24.09771425,1.032879291
325,-2.929856513,24.22926404,1.004123059
326,29.44767247,21.44799436,0.981453338
327,13.22382754,25.22316975,0.980318063
328,39.34699368,-13.14855082,0.973952444
329,15.3045106,1.03587,1.033649158
330,21.34132687,-1.982743178,0.992720671
331,13.92770124,-15.34611328,1.015456531
332,10.51160798,-23.05070528,0.989389845
333,1.117728453,-3.17218466,1.029634296
334,36.91655079,22.00870914,0.995001582
335,6.145501549,17.80607574,0.99126696
336,-2.433902986,-1.059439109,0.999687641
337,34.05478168,-24.24188511,1.04760825
338,29.5064848,-5.858914811,1.021635383
339,12.10780109,-1.933789625,1.035079048
340,-4.081603721,-6.712517895,0.988927307
341,0.305930485,31.35899482,0.987259831
342,21.87965595,31.98604599,0.960574287
343,-6.513425139,1.627764225,1.018904237
344,-4.832997788,14.29604794,0.99852026
345,18.94345676,9.812591085,1.02539548
346,37.20850518,-19.91062224,0.98131108
347,3.299253159,7.381552456,0.996095985
348,-11.0391555,-3.10492278,1.01506092
349,2.902121649,5.50026913,0.971574669
350,32.89846191,2.98395008,0.983291094
351,39.03993832,-9.881161582,1.000260756
352,27.66100197,5.770857168,0.978384126
353,15.83295373,22.31966834,0.978149616
354,41.2273707,29.91647307,0.995516926
355,21.51639002,29.70684377,0.959517732
356,27.50217635,36.37845101,0.985336249
357,9.856829426,34.03979339,0.991948684
358,11.47251299,-22.98778557,1.016019852
359,17.92497721,24.93029426,0.989043158
360,1.689380026,-4.868571112,0.984916127
361,36.65853824,-23.74872585,1.032988153
362,12.61467922,-8.672935921,1.005199837
363,41.8895488,3.386200361,1.019540719
364,17.61241262,25.66032333,1.002268899
365,16.47970664,-3.811285974,1.003272885
366,43.00865413,3.939313411,0.992547722
367,-0.048255911,23.66035927,0.994741714
368,10.18090855,-24.6309153,1.018795424
369,18.42372643,-12.08484397,0.986156234
370,-3.929629332,32.54079382,0.974181869
371,-7.384437487,25.24991526,1.022582402
372,29.90659301,17.95007014,0.993079817
373,-11.12451185,28.25838367,0.96810031
374,33.34320226,6.203290335,1.021913152
375,-11.84480199,-19.1644071,1.004680304
376,19.74177989,-24.72847191,1.016949748
377,17.27991914,-16.79102489,0.995032588
378,30.95752893,15.84152569,1.0102927
379,43.17147499,29.96441769,1.01297988
380,7.298667211,10.86295423,1.025925137
381,3.912260615,-7.958908725,0.984996614
382,1.642857028,34.21055633,0.965319008
383,2.75873108,-20.87783711,1.003352355
384,14.93214038,0.95882229,1.023152892
385,18.84643335,23.62905285,1.009758414
386,6.454747039,10.48291897,1.001096358
387,-9.200343568,-6.681492043,0.99505153
388,26.95312983,21.73623537,0.99452313
389,6.334712361,-16.70931204,1.002959122
390,8.284581421,32.80365317,1.011172539
391,4.701750617,10.96253751,1.002323947
392,22.6615222,16.17314011,1.004289756
393,28.59715163,9.169133419,1.017209262
394,42.29843196,4.407713706,1.024144953
395,39.45145445,30.70119344,0.984631125
396,13.80210527,-10.29503645,0.98044483
397,7.477307025,37.06736633,0.940773706
398,39.87744351,-23.56781902,1.009990471
399,31.30728854,26.5862961,0.96240472
400,15.62230149,6.379053758,0.979257869
401,-8.970008425,-9.958393908,1.000328748
402,25.59954283,-20.41843159,1.018433987
403,-3.348418857,-4.463756392,0.983196935
404,7.537910167,-20.18234526,1.011144065
405,40.70455801,8.897798429,1.012015778
406,10.63443269,-11.04984675,0.994084096
407,-7.294771786,-4.612891453,1.009757689
408,28.3585016,-8.443355115,1.027776398
409,-6.066517687,-6.573903354,0.979002013
410,-6.650113308,19.64467028,1.011867291
411,10.88120568,14.71335721,0.993311504
412,23.19555955,11.06730088,0.998288008
413,-11.11278632,7.239886159,1.001750691
414,17.68399557,32.31232928,1.009845222
415,37.98802232,-4.810953267,0.999120881
416,5.703103272,19.92145361,0.995405828
417,11.3941797,3.067877141,0.9978473
418,11.0497505,-7.461572004,1.01408297
419,6.408603206,-1.087477763,0.9894504
420,14.41790253,-19.24262161,0.991460277
421,24.51492975,30.20914734,0.988162487
422,8.263232432,-19.95847076,1.001725377
423,-9.433231446,9.022588148,0.976996282
424,11.44939955,24.22702788,0.979984104
425,-6.794450975,13.05482755,0.997798087
426,3.036328561,29.88177971,0.976606722
427,-0.381133478,-4.778638319,1.022906938
428,39.03263528,33.26586334,1.016586104
429,39.07457174,-21.57180759,1.008124573
430,-5.259455135,21.42160393,0.977523178
431,24.72844724,-13.44760199,1.028655319
432,18.36172246,3.737922369,0.999987431
433,18.7207853,27.88218498,1.017361403
434,38.10959843,6.59994591,1.023368507
435,24.36960567,34.16543282,0.997138342
436,-10.62864121,-11.89907478,1.044115657
437,27.04760395,-24.17595616,1.015204321
438,25.23978429,19.72486813,1.013174952
439,-8.018140923,-24.22120829,1.028380737
440,16.60621959,-24.59968623,1.012402994
441,21.99365436,6.921711267,1.008045633
442,-8.808375615,-8.096755285,1.008563621
443,-6.302569533,29.17953191,1.016563169
444,12.08216501,19.12405367,1.010368653
445,9.62533036,-11.01538579,0.988219059
446,14.09929238,-21.81698457,1.009070786
447,17.47065633,-11.79730627,0.9892175
448,20.87896865,11.01720423,1.003570365
449,1.785428566,23.46349682,0.985535576
450,33.25600186,4.895983644,1.008517766
451,9.854792219,31.77232083,1.002226844
452,41.21991326,13.83856556,0.991838491
453,0.72827842,-11.87939107,1.020672716
454,7.421672777,35.44855662,0.981238291
455,35.7456333,12.911563,0.97921725
456,16.06547287,7.502876422,0.99594394
457,29.97329002,0.387409649,0.98536557
458,13.45933327,28.28079261,0.980057439
459,-10.22537764,15.70478045,0.997359441
460,26.4904059,18.39399389,0.98363249
461,6.35277382,23.65219432,0.997755544
462,21.69826647,32.2302885,0.966037044
463,17.82973526,-14.81259407,1.030169966
464,-3.524338382,-7.627125931,1.005101455
465,36.88084386,7.41342469,0.997726183
466,32.65615929,4.912048795,0.986520863
467,10.13843395,18.50235081,0.989492062
468,7.810844252,-16.14720113,0.998191088
469,-10.79301623,25.02971713,0.991134354
470,-7.2886833,-19.5602224,1.034371647
471,22.1998867,13.56456427,1.000083421
472,31.07913806,7.29989025,1.017847602
473,12.24806699,20.97569322,0.971984097
474,37.53988415,1.561924519,0.989355694
475,10.2818402,9.82949682,1.001273581
476,29.70310043,24.73540741,1.013764631
477,40.58806195,33.81238506,0.962218084
478,15.80958345,23.54229875,0.979550862
479,29.35722913,22.28449075,1.029165867
480,30.7298112,7.33447935,0.975063036
481,-8.418094664,28.52039427,0.970100347
482,19.08061568,-0.482408763,0.998338241
483,-2.782996151,13.37546147,0.972643685
484,7.321655219,29.89258506,0.970760361
485,3.245343034,-11.21401578,0.992445629
486,14.90429897,4.120017285,0.998480171
487,28.83324763,22.80664771,0.959709962
488,1.659692352,-22.53583392,1.013157858
489,43.00298747,32.88836158,0.969863156
490,37.97733711,-2.205404508,0.993645924
491,17.51616326,-18.64926949,1.006720199
492,-0.673145422,26.00547948,0.974042336
493,16.09829704,-0.969832527,1.034583905
494,12.32240445,5.004261304,1.004409014
495,3.251985335,13.98448109,0.991913974
496,-11.19681359,-23.24153899,1.024458316
497,28.44022398,21.0921413,0.972839634
498,4.360439782,-15.90128307,1.01383304
499,-3.767059789,28.06410172,0.959719789
500,-2.620527135,27.59774362,0.986259155
501,0.419969935,6.788994753,1.011539017
502,30.54130491,1.080887727,0.994222719
503,8.047889908,-4.464773383,1.002597348
504,24.94109643,-9.147090362,0.981130131
505,10.43104085,17.74983621,1.022956721
506,40.15159445,-13.40825253,0.995457568
507,5.967157478,-24.62397648,1.022854971
508,-5.512811669,-8.596552844,1.001479429
509,4.410290144,17.23612744,0.969743608
510,29.35993731,34.38567539,0.968253465
511,19.28766761,12.80063489,1.007004271
512,33.34485856,36.33621878,1.002815084
513,41.11709893,35.43615871,1.010263128
514,26.50975852,22.12804309,0.992091123
515,-0.688762716,-4.716774324,0.990659624
516,15.97214419,26.73337104,1.005153455
517,36.89194639,-21.39487696,0.980025214
518,5.331559247,-19.5771261,1.015722769
519,15.36091287,-9.169181963,1.004586161
520,7.501082554,23.92919123,0.99899397
521,6.59120932,32.59365815,0.979498874
522,41.89058702,-24.50688082,0.99047026
523,-11.18647933,11.83992276,1.013807511
524,17.10274141,3.31084131,1.009575869
525,39.56316744,4.85420515,1.001037577
526,42.79934906,-14.33456782,0.970387363
527,-5.111733489,31.1558364,0.969114976
528,8.391405879,-18.12755216,0.993023542
529,18.35853338,-19.17316298,1.037308788
530,1.339191706,34.14901113,0.99819179
531,20.92750569,10.1437194,1.015729159
532,-5.254550779,-0.786758638,0.982558282
533,15.81562719,13.26151816,0.972072741
534,26.60361351,4.593538245,1.011371607
535,13.25853924,6.244066184,1.022793707
536,-1.729144508,2.614987329,1.004998317
537,15.42255228,-18.83580934,0.995249526
538,-9.910820466,32.70701017,1.007644234
539,22.3831094,-21.50448157,1.007310547
540,15.00909495,-1.223846571,1.033489669
541,-8.90875543,26.31951422,1.001114664
542,6.787386028,-12.8634663,1.034331463
543,32.64029958,11.60192499,0.968670132
544,39.13434058,18.07466457,1.007136595
545,-1.716835581,14.77225692,0.978266091
546,22.97126677,32.47456399,0.978059866
547,41.0119748,29.43025463,0.999278961
548,-8.336367299,-24.60989889,1.030905958
549,27.53136191,-6.335718051,0.988357253
550,24.86627584,9.893868348,0.998239484
551,-10.10145056,4.530078357,1.017391281
552,39.00050598,14.66943183,1.002242906
553,16.69668698,-11.14544725,1.018772501
554,29.83330707,-4.861882762,1.014497134
555,28.13512102,14.36258769,1.004758413
556,-5.474025599,-17.24551464,1.019247579
557,29.56176425,-17.42876555,1.00369894
558,8.437960747,25.17341883,0.996757248
559,18.85924104,-22.32813975,1.005497006
560,39.97472616,-19.16137028,1.02463127
561,36.15636871,-18.13289534,1.014282541
562,-5.195118915,15.51964138,0.998822179
563,-8.73334563,0.050658978,0.993618433
564,6.709673676,11.35540772,0.973483747
565,-10.81286671,34.28308936,0.991841884
566,0.871963203,-2.359619803,0.966535271
567,16.85848817,-18.89895057,1.009834432
568,15.79732084,-19.0143316,1.024513766
569,23.79601808,27.13611132,0.994034411
570,-5.574594456,7.673566063,1.000048982
571,41.82591179,21.46295632,1.000933006
572,39.69562284,8.622378865,1.019039393
573,17.38476852,-23.46792128,1.017848849
574,-9.512616713,26.40833732,0.981928941
575,23.59300381,-4.243908389,1.007266649
576,19.67572153,-14.88660488,1.005468691
577,25.20667275,0.772208972,0.989633046
578,21.88001818,30.41969823,0.997658667
579,10.03952438,13.57733426,1.01529958
580,-4.274785927,-21.64683513,1.018789529
581,20.33942794,-15.12943402,1.013879891
582,-8.363551481,-7.664004078,0.972014865
583,11.33465521,10.81741694,0.988215951
584,24.85621344,28.01207886,0.995672442
585,37.06313945,-19.11215747,1.000916814
586,18.33785088,24.04834537,1.010992736
587,20.26157523,6.201540941,1.030244123
588,-7.996895216,-17.24345198,1.000375701
589,14.89080338,30.9461787,0.987854284
590,6.254189325,34.52000164,0.976182254
591,41.21346915,9.040504603,0.990604955
592,-8.077084782,-2.298980006,0.99819509
593,40.94428916,-1.611506267,1.004218142
594,27.71546789,35.9337025,0.994927901
595,-6.803197912,22.67873467,0.983680388
596,0.373625579,15.29010831,1.041116808
597,8.876052518,16.26189276,1.013743782
598,40.35354747,-15.65409574,1.00654107
599,10.55207116,-8.076082159,1.020001529
600,-1.253040756,-8.289108397,1.014113495
601,7.15103037,-7.060999775,0.963589568
602,24.26907278,-15.06118771,0.997933342
603,23.45278854,-24.2970426,1.016858223
604,38.0198471,6.763421868,1.028525169
605,9.946630867,37.18169591,1.003014081
606,-6.976576786,13.11347973,1.000866953
607,0.866757737,-3.895592587,0.952432524
608,15.58714494,7.977856806,0.977418153
609,36.26974667,13.32820524,0.991029063
610,4.851812647,-13.88114236,1.003152036
611,35.08937142,3.8720534,0.962667896
612,28.65232537,20.52706801,0.965693199
613,24.4166533,31.59079018,0.995048127
614,-4.492574543,34.79323254,0.979611354
615,42.18571645,27.31839019,0.987842122
616,19.37690146,31.24647182,0.988374618
617,9.921062146,21.95464069,1.040430185
618,40.29199335,-4.615060017,1.004564949
619,27.66429009,14.75652764,0.970502516
620,26.41511182,33.37384842,0.987132297
621,22.2150204,-13.85833768,0.974100445
622,23.1638758,-7.502307924,0.985113808
623,-0.10999206,3.497649191,1.007717557
624,6.167124421,-13.17914569,1.00951965
625,25.37672283,-11.18463676,1.011599338
626,23.87860183,23.70134245,0.973795509
627,-11.88954011,-1.852458677,1.01135646
628,17.46948011,-3.288225086,0.979128543
629,20.6200788,-6.146445416,1.004327563
630,7.400357561,3.32973379,1.007263404
631,-3.031075004,36.8975718,0.988967138
632,21.24545043,-20.59497214,1.027404775
633,-3.458025133,34.24220667,1.01610182
634,6.541755207,14.25793532,1.010140081
635,15.67774435,5.098066298,1.03969392
636,9.896417837,-23.74692612,1.005681283
637,3.91742165,16.91491186,0.985489416
638,-0.015327304,-22.35890588,1.008483965
639,12.48927109,-2.0740496,0.981660184
640,8.613282739,4.07053894,1.007766474
641,39.46643287,15.46354662,0.972459573
642,43.10223912,16.99311505,0.988958548
643,17.01392777,-15.78073735,0.999781191
644,2.728616368,33.33256464,0.999863703
645,21.36963786,19.28049232,1.015012196
646,10.11869878,4.760514726,1.024977504
647,36.76936296,5.776601305,1.011039743
648,43.86251479,10.52139554,1.013786763
649,17.67611564,20.54310144,0.975025556
650,-1.856986709,22.13805533,0.936778865
651,16.93423957,0.668785844,0.981603872
652,26.71298101,28.89921801,0.977952027
653,38.04286742,15.57713313,1.000415442
654,14.85116175,37.46910675,0.998257969
655,-3.34922605,-21.83218916,1.018203695
656,11.74616859,-17.49207177,1.009513408
657,33.45872397,1.458167446,0.989771427
658,23.30356888,-22.98322193,0.983973347
659,16.12323268,-4.649491476,0.98087518
660,3.966068715,7.65048861,1.019249924
661,37.00089746,18.75637021,0.983045064
662,32.98016281,23.23102775,0.991950781
663,8.250734249,3.005515282,1.032399789
664,26.21135879,15.6788228,0.994425431
665,-8.263077227,-13.12020626,1.019176929
666,-2.020591035,-6.116912965,0.960500811
667,43.53621391,-23.37857573,1.035854971
668,42.26618892,-10.40478115,0.989494869
669,19.40939505,-24.11661398,0.995552015
670,25.04401883,-16.88892271,1.012823608
671,19.43880183,-9.38257764,1.016354785
672,5.911735356,-6.151189994,1.02730281
673,43.09427174,-24.11800919,1.041939313
674,31.78293576,-11.55263109,1.019924522
675,9.281956093,12.86603287,0.950832438
676,-8.857436733,-24.01122533,0.975213688
677,-5.988775596,-21.60680141,1.031256205
678,37.3694046,26.63455174,1.003464905
679,43.74960828,31.78920709,1.000710001
680,41.29813219,16.82542456,0.976540306
681,12.72374356,12.55214288,0.948273981
682,-5.266933852,0.63505902,0.987620272
683,16.55263021,-15.50604232,1.008824569
684,16.24262149,18.88458125,1.011210176
685,10.52765909,7.235832031,1.03428561
686,-5.666741094,15.93146282,1.01211362
687,41.17704479,-3.091384797,1.015034646
688,9.04082598,30.63203787,0.959927319
689,-2.707792097,28.22169524,0.979652398
690,40.63221097,-14.66435347,1.03587844
691,14.70508289,22.19847112,0.989668238
692,-11.16759198,14.16008251,0.989877071
693,9.793432901,-24.7775654,1.03560027
694,30.92004578,-10.71322859,1.015935681
695,20.62993761,9.297319821,0.960821119
696,8.324413843,23.96558838,0.999495599
697,-3.840936566,17.06223426,0.99052225
698,12.19496969,-4.495745282,1.033358201
699,6.871983528,16.91033257,0.999238568
700,-8.488352999,-1.486191451,1.023222981
701,4.907166011,29.11558972,0.983212695
702,12.31010301,26.69412214,0.99639023
703,-7.601278273,33.58329247,0.968515978
704,13.47957415,-12.16225544,1.008649136
705,0.903654181,-21.85165444,1.024145453
706,39.21304129,5.374203169,1.009073538
707,39.07027996,-2.553350763,1.018527536
708,18.30267731,36.19207878,1.003835446
709,14.4110624,-1.79375378,0.980193926
710,-8.476203011,-18.90075755,1.037982931
711,26.75155609,33.76881213,1.019480819
712,17.74367604,17.33326434,0.998089089
713,16.21985772,-17.13777787,0.991368095
714,-11.12273133,21.89535246,1.021126763
715,9.770828042,32.69549235,0.994050702
716,30.09549492,6.701793492,1.02224445
717,-10.18081412,-19.21040207,1.007171369
718,4.804368408,14.9272175,0.99673714
719,7.601887204,33.78527749,0.940630717
720,38.49636748,24.02177263,0.963368831
721,11.77366129,31.40112212,0.996434474
722,40.09392259,36.01540839,1.001205152
723,16.11152154,33.35824029,0.996422302
724,3.883063917,-7.434671511,1.013312841
725,-4.315533617,-21.53472996,1.004863937
726,8.344205832,25.29798085,0.998812658
727,21.05900252,25.54750467,0.990475734
728,-7.449109319,-12.9956393,0.98970282
729,36.81545708,14.90963076,1.00391724
730,0.923595735,0.852929195,1.012376249
731,39.74538866,8.558941438,0.966810401
732,40.56168012,33.17881337,0.979465878
733,-3.300367682,-9.243850505,1.002805698
734,0.793737751,17.47234249,0.96796121
735,-7.382950583,30.35930623,0.975768956
736,14.69395949,6.930373979,1.002847574
737,27.25110535,-10.23690748,0.9692529
738,35.41126183,6.759776193,0.964179288
739,-2.148716956,6.846908619,0.971307583
740,28.06998775,8.440366202,1.017212395
741,21.53769599,23.08539168,1.014412151
742,30.89932803,6.173522091,1.000167263
743,40.86350878,-5.98373286,1.011587696
744,28.61879177,-9.355133819,1.007784815
745,14.98490668,13.9140961,1.004943939
746,-7.373526324,-13.77832406,1.021820749
747,-9.86082906,29.58261218,1.016133332
748,27.25777205,31.23033127,0.998139935
749,-6.122071697,26.23868084,0.99422488
750,2.621479074,36.46225488,0.97386749
751,10.65453014,9.23794228,1.011703525
752,31.9873802,1.101406806,1.023239279
753,38.78470351,-17.08646235,1.010642439
754,-4.08621771,-11.86026527,1.02997186
755,28.25102195,20.47367902,1.002757023
756,23.29301529,11.44979766,1.000334373
757,34.53553667,37.43985678,0.984247171
758,13.05004391,-22.47324783,1.021356125
759,24.57811098,16.87055796,1.006039173
760,-4.672018476,21.44207439,0.972635053
761,0.497217711,6.67286871,1.003078553
762,1.727521297,21.07523737,0.984291392
763,5.334550813,-5.802878575,1.005821925
764,-0.397744737,5.823786477,0.988948585
765,31.35373512,-17.02572449,1.004599838
766,17.2535365,35.4137675,0.970178759
767,36.59855385,-10.63490813,1.041604858
768,31.10947445,17.07773395,1.004195048
769,11.16277753,11.23415863,0.996107442
770,30.06423122,-11.32547897,1.022668483
771,22.65348031,4.307937426,0.965198103
772,16.88591043,12.87467653,1.014036525
773,-5.352647792,6.476915455,0.997244297
774,27.60821499,-9.742176385,0.967939418
775,16.76892146,23.73264928,0.969888897
776,-5.242030213,21.06838213,1.003394445
777,-3.193872496,12.00074429,0.983831628
778,-2.7476502,4.046634992,1.027707459
779,-2.402337842,8.038221,1.00322178
780,36.77239816,-17.69552842,1.025853514
781,29.50503306,-3.249213453,1.016142533
782,26.68461418,10.36473911,0.989823245
783,1.868676707,18.16609525,0.985651765
784,5.253005496,10.13537609,1.004820303
785,8.754508184,-12.56810421,0.992105104
786,25.61289848,27.62456484,0.987854108
787,-11.79068234,-16.92231459,0.983667365
788,3.976026438,14.31250014,1.012818383
789,-2.635373113,13.31308517,1.010795308
790,26.24351229,22.71740763,1.007751706
791,11.85953765,-5.457226593,0.989087728
792,-5.662228731,8.346909451,0.989777258
793,25.5093482,-18.91602582,1.003926353
794,30.98100641,23.52209895,0.975877364
795,-7.951858015,-2.212165273,1.031605665
796,16.56698258,-2.086974867,0.99684855
797,2.328111666,18.57953245,0.970604038
798,-7.559903158,-11.51912606,1.009248608
799,7.022163778,5.497426327,1.015980923
800,23.13233853,-11.18383812,0.997755562
801,17.22385429,3.101562979,0.992653336
802,39.9554991,26.48296709,1.001436956
803,31.59915099,31.75716359,0.984863628
804,39.27151557,-11.75565465,1.033425918
805,40.26658098,18.05951235,0.979297443
806,-7.757737196,22.08572896,0.965076432
807,7.114448426,19.35741023,1.000676532
808,14.62537431,-14.17597695,1.020586982
809,21.79366642,18.29110935,0.990303867
810,29.69071281,32.56450395,1.00951933
811,24.67951087,3.845581985,0.982055559
812,9.607765589,20.84014584,0.98727648
813,42.66195253,13.75191135,1.017030569
814,24.81280679,-11.32180593,1.002326049
815,-1.764090966,35.65910631,1.003650481
816,-0.848827577,29.96869561,1.006788392
817,-0.617003707,-11.47067877,1.010378642
818,20.16365148,36.14006095,0.933826488
819,42.96383729,-19.55215828,1.018302976
820,8.078573306,-13.03643797,1.031003213
821,-8.311592636,-2.889633836,1.0466775
822,21.20600439,28.52076966,1.001724788
823,38.97234122,-3.839473084,0.989959614
824,3.712627445,7.559896558,1.012467084
825,-7.542193851,-24.91024228,1.020842406
826,30.49940146,-9.505407196,1.034736186
827,-10.67893708,4.425138249,0.988970695
828,30.72582332,-24.83437398,1.011569006
829,13.29557806,-24.82587,1.036152587
830,-0.039290468,24.62173203,0.993124499
831,35.14814379,6.122669957,1.003850709
832,36.65964874,-13.5386384,1.013251277
833,23.150855,-18.02264248,1.041315284
834,-10.27190234,-19.35911309,0.994943926
835,-6.505665863,0.119814534,1.009528705
836,11.11319552,-19.97601341,0.96145699
837,35.07985067,-18.31895099,1.018105497
838,26.5686462,2.859459476,0.963824556
839,13.12793714,-6.355342152,1.024984172
840,16.42419296,4.944174457,1.019538452
841,35.04856983,14.05564375,0.986632153
842,30.74984095,17.57339187,1.003659864
843,27.6525583,-2.309962035,0.968835649
844,12.57184896,20.59870479,0.995675992
845,34.70124003,23.64447887,0.980518466
846,34.23858984,18.30824301,0.974690723
847,19.98306198,-20.73297215,1.015625229
848,42.20763371,10.25591898,0.975346197
849,-2.804695029,-4.93582148,1.032467843
850,38.54872393,21.94275056,0.972181478
851,8.789008462,-24.83126446,0.984407168
852,39.96907945,23.96618538,0.976559778
853,0.820837088,31.17996735,1.01908626
854,-0.333298591,-2.758050979,1.008876202
855,41.68195024,-11.07748325,1.001311774
856,13.85669526,-20.52204567,1.02304406
857,24.73852451,-20.34989418,1.016585166
858,32.63846307,28.96632961,0.982064561
859,8.746413793,-24.08589563,1.00734407
860,15.41082454,28.09406551,0.971433649
861,26.01203381,-3.361732937,1.01341365
862,13.19740921,10.81300739,0.992060055
863,43.19027622,-20.2843526,0.987348063
864,27.99246572,9.423682721,1.015757953
865,27.53285286,32.50307838,1.022067358
866,-10.45471484,28.54603782,0.981729529
867,-10.96669438,-0.697278282,0.993841905
868,-6.325076142,34.34580254,0.992634144
869,33.32133797,-17.99877556,1.025138633
870,8.790335911,34.66427365,0.997908216
871,39.90773882,-4.875863723,1.016961321
872,20.26040698,31.54613969,1.002031422
873,32.82521538,-6.764079502,0.98408449
874,26.69876368,25.23003889,0.983385366
875,31.6731066,16.78456242,0.983748766
876,0.475979397,-10.74598388,0.99897074
877,15.59603626,-17.24821635,1.028043461
878,9.631348072,9.304160188,1.00640148
879,41.10405792,11.81576221,0.997944245
880,35.77348425,-24.59877774,1.040952373
881,-2.965433009,31.94592716,0.988688864
882,11.02637482,3.430037637,0.995373648
883,2.576571532,28.83699143,0.998462459
884,-11.88584574,25.29855499,0.992094845
885,38.66384747,-5.244897223,1.011785306
886,10.77133758,-24.49737543,1.014339931
887,16.74234584,-1.710862755,1.012185593
888,13.43097357,31.03432042,0.977602802
889,35.4865926,-8.149428391,1.031845942
890,12.84365772,33.31105423,0.984066721
891,-2.800151905,-19.03201107,1.033540293
892,21.54604204,2.686670388,0.999087164
893,8.803200609,-9.48745712,1.030009121
894,19.35125029,23.40736764,0.966984833
895,21.82222073,-10.58206915,0.999134937
896,24.90990289,-7.723727843,0.992267547
897,34.47625463,-8.647735556,1.014985315
898,-3.396801566,-24.24711586,1.007914513
899,37.89820965,-23.6180028,0.990301451
900,9.367130294,-1.699186474,0.97276099
901,32.86626768,32.44261026,1.017462314
902,23.83457918,-22.49433441,1.001696389
903,6.485727418,22.93778769,1.013181406
904,-10.67220584,-5.364276542,0.99806853
905,40.68432847,-0.857034856,1.003526771
906,42.34985783,-3.333307909,1.006123647
907,17.98638756,17.30849535,0.973985701
908,19.87349978,37.18196407,0.975418777
909,37.566103,-10.88437629,1.00239274
910,7.391056499,34.83547335,0.977400808
911,7.591221463,-4.785874303,1.031566199
912,13.4773263,-15.13191759,1.006808495
913,19.11868831,-7.899313554,1.030388579
914,18.04824179,-17.06563339,1.027142853
915,-2.676225082,28.37167185,0.960623207
916,-3.264392713,-19.20872785,1.011533907
917,33.84015401,7.439019522,1.007391421
918,26.67064712,-20.09998372,0.979885006
919,25.41722435,-9.863576136,0.996846753
920,40.32720324,11.78478177,0.985008403
921,43.46867493,9.884202908,0.997452756
922,20.41163984,-4.340248025,1.028385577
923,28.47223561,26.35303756,0.998448159
924,12.78102011,28.43442842,0.97511206
925,-8.693447446,-3.537363587,1.018227729
926,25.15422888,5.79241279,0.986808652
927,-5.923770031,-1.770146422,0.997743263
928,-5.786047317,-17.16111174,0.990986956
929,2.348771861,37.05946688,0.984125341
930,27.84755806,9.390131996,1.005274994
931,13.89578906,23.75530665,1.00793687
932,-2.601391062,17.6923952,1.027550814
933,-0.140453039,25.45267757,1.009558297
934,-11.17450502,14.48851271,0.974941508
935,-1.051879861,10.16857506,1.010014091
936,21.49328361,-8.473893628,1.010563142
937,-1.171128348,-18.64660222,0.994427175
938,-3.06986697,32.45862519,0.991643879
939,25.01251486,9.87135207,0.963308923
940,1.089782042,37.16436729,0.964158387
941,0.216530282,-16.77936098,0.996884338
942,28.21577308,27.26540428,0.974205421
943,19.19554011,30.86930395,1.014068168
944,32.41550349,-21.67815647,1.035202802
945,32.9019275,28.7455887,1.011857868
946,19.63041178,3.846318702,0.964010356
947,-10.30021338,22.41079612,1.004237832
948,20.52530945,25.57249568,0.990896937
949,-2.294036541,3.480388767,1.020907756
950,28.31321956,6.100528936,1.023539051
951,32.53449782,10.32839147,0.982017967
952,9.033868527,-9.516013634,1.004810846
953,35.12570448,-13.00554454,1.022339543
954,39.49788168,15.78732654,0.984920571
955,41.09350991,9.92076951,1.005615744
956,12.91303183,-20.10120648,0.973368826
957,14.05502122,7.963127073,0.994864297
958,6.160668688,-3.712200398,0.998976837
959,2.217383507,31.50535507,0.989108888
960,-11.00663014,2.413537354,0.98078636
961,9.468319516,8.174787934,1.003972921
962,38.59568285,32.14528209,1.011434447
963,12.19045903,6.361032326,1.000754506
964,-0.831592597,-12.75860995,1.014018657
965,-5.471931556,33.45237716,1.025851298
966,1.048086155,0.92128209,1.026375399
967,-3.484099285,35.44964662,0.986150502
968,22.70047687,-23.14863198,0.986217992
969,-10.88669058,16.92496988,1.007923435
970,-4.944496525,19.58522394,0.981574273
971,19.81127127,6.983752743,1.012054824
972,-3.862917166,27.41676632,1.00350038
973,41.53813823,-5.777601348,0.996071152
974,13.5396626,30.94424406,0.953655118
975,-5.319168373,36.02784518,0.956714602
976,-2.703187411,34.01464242,0.964859173
977,21.78480188,31.13619121,0.996599874
978,34.98432071,15.46564279,0.982009822
979,-4.488018578,20.92398975,0.9819683
980,7.700329978,-4.294285357,1.015659379
981,32.56335314,27.25864182,0.992212018
982,-7.567976114,8.551257761,0.979313313
983,15.49666392,0.487205445,1.025738405
984,0.036543131,18.58875651,1.014401678
985,10.56174003,24.93222812,1.000051816
986,10.54985416,-7.278004948,0.997344507
987,9.583036021,8.013132504,0.991169778
988,14.92741746,22.63560165,0.990174682
989,41.95488575,33.42475007,1.004689563
990,24.44026027,-6.349815787,1.013509865
991,8.710518865,25.27010998,1.011605109
992,34.98330163,34.17039522,0.962816452
993,-10.43711345,12.82703506,0.986921999
994,1.30253314,-14.63245315,0.989249147
995,-6.747810336,9.443371066,0.978354686
996,39.68969105,-14.21492303,1.020177918
997,30.5241771,-22.53764375,1.016737089
998,-1.118534961,16.00782527,0.984154359
999,-3.047843874,11.90582972,0.969432062
1000,25.89168943,20.17018865,1.026512285
